{
    "Alimentaci\u00f3n": "Gastos relacionados a la alimentaci\u00f3n como supermercado, almacen, verduler\u00eda.",
    "Alquiler": "Gastos relacionados en el alquiler para vivienda o automotores.",
    "Entretenimiento": "Gastos de diversi\u00f3n como por ejemplo cine, teatro, vacaciones.",
    "Transporte": "Viaticos relacionados a la movilidad regular del mes como son la Sube, larga distancia, tren, etc...",
    "Estudios": "Los gastos de estudios como son la universidad, cursos, talleres.",
    "Salud": "Gastos de Medicina y/o medicamentos. ",
    "Servicios": "Los gastos fijos inherentes a la vivienda, cochera, dep\u00f3sito.",
    "Vacaciones": "Gastos relacionados con las vacaciones.",
    "Otros": "Gastos varios sin categorizar."
}