{
    "descripcionCategorias": {
        "1": {"Alimentación": "Gastos relacionados a la alimentación como supermercado, almacen, verdulería."},
        "2": {"Alquiler": "Gastos de alquiler o renta del lugar de vivir o para automotores, depósitos, etc..."},
        "3": {"Entretenimiento": "Gastos de diversión como por ejemplo cine, teatro, vacaciones."},
        "4": {"Transporte": "Viaticos relacionados a la movilidad regular del mes como son la Sube, larga distancia, tren, etc..."},
        "5": {"Estudios": "Los gastos de estudios como son la universidad, cursos, talleres."},
        "6": {"Salud": "Gastos de la medicina o relacionados como son los medicamentos."},
        "7": {"Servicios": "Los gastos fijos inherentes a la vivienda, cochera, depósito."},
        "9": "Volver al menú anterior"
    },
    "categoriasOpciones": {
        "1": "Ver categorias",
        "2": "Agregar una categoría nueva",
        "3": "Eliminar una categoria",
        "4": "Editar descripción de una categoría",
        "5": "Obtener categorias en uso, es decir, que tengan gastos ingresados",
        "9": "Volver al menú anterior"
    },
    "editarGastoOpciones": {
        "1": "Eliminar gasto por ID",
        "2": "Editar gasto por ID",
        "3": "Eliminar gasto por Fecha",
        "4": "Editar gasto por Fecha",
        "9": "Volver al menú anterior"
    },
    "gastosOpciones": {
        "1": "Total gastos por categorias",
        "2": "Gastos por mes",
        "3": "Gastos por mes por categoría",
        "4": "Gastos por ID",
        "5": "Gastos por fecha",
        "6": "Gastos por rango de importe",
        "7": "Gastos por Categoria",
        "8": "Gastos Eliminados",
        "9": "Volver al menú anterior"
    }
}